<?xml version="1.0" encoding="UTF-8"?>
<metadata xml:lang="ja"><Esri><CreaDate>20210429</CreaDate><CreaTime>01464400</CreaTime><ArcGISFormat>1.0</ArcGISFormat><SyncOnce>TRUE</SyncOnce><DataProperties><lineage><Process ToolSource="c:\program files (x86)\arcgis\desktop10.7\ArcToolbox\Toolboxes\Data Management Tools.tbx\Project" Date="20210424" Time="131648">Project 道路元標座標データ D:\研究\道路元標\00_道路元標全体\901さん提供データ\道路元標座標データJGD2000.shp GEOGCS['GCS_JGD_2011',DATUM['D_JGD_2011',SPHEROID['GRS_1980',6378137.0,298.257222101]],PRIMEM['Greenwich',0.0],UNIT['Degree',0.0174532925199433]] JGD_2000_To_JGD_2011_NTv2_1 GEOGCS['GCS_JGD_2000',DATUM['D_JGD_2000',SPHEROID['GRS_1980',6378137.0,298.257222101]],PRIMEM['Greenwich',0.0],UNIT['Degree',0.0174532925199433]] NO_PRESERVE_SHAPE # NO_VERTICAL</Process><Process ToolSource="c:\program files (x86)\arcgis\desktop10.7\ArcToolbox\Toolboxes\Data Management Tools.tbx\CalculateField" Date="20210424" Time="133856">CalculateField 道路元標座標データJGD2011 名前 "[市町村] &amp;"道路元標"" VB #</Process><Process ToolSource="c:\program files (x86)\arcgis\desktop10.7\ArcToolbox\Toolboxes\Data Management Tools.tbx\CalculateField" Date="20210424" Time="190509">CalculateField 道路元標座標データJGD2011 都道府県 [県] VB #</Process><Process ToolSource="c:\program files (x86)\arcgis\desktop10.7\ArcToolbox\Toolboxes\Data Management Tools.tbx\CalculateField" Date="20210424" Time="190552">CalculateField 道路元標座標データJGD2011 郡市 [郡] VB #</Process><Process ToolSource="c:\program files (x86)\arcgis\desktop10.7\ArcToolbox\Toolboxes\Data Management Tools.tbx\CalculateField" Date="20210424" Time="190709">CalculateField 道路元標座標データJGD2011 市町村等 "[市町村] " VB #</Process><Process ToolSource="c:\program files (x86)\arcgis\desktop10.7\ArcToolbox\Toolboxes\Data Management Tools.tbx\CalculateField" Date="20210424" Time="190755">CalculateField 道路元標座標データJGD2011 現市町村等 [現存市町村] VB #</Process><Process ToolSource="c:\program files (x86)\arcgis\desktop10.7\ArcToolbox\Toolboxes\Data Management Tools.tbx\CalculateField" Date="20210424" Time="192241">CalculateField 道路元標座標データJGD2011 現況 [属性] VB #</Process><Process ToolSource="c:\program files (x86)\arcgis\desktop10.7\ArcToolbox\Toolboxes\Data Management Tools.tbx\CalculateField" Date="20210424" Time="192704">CalculateField 道路元標座標データJGD2011 備考等 [備考] VB #</Process><Process ToolSource="c:\program files (x86)\arcgis\desktop10.7\ArcToolbox\Toolboxes\Data Management Tools.tbx\CalculateField" Date="20210429" Time="013038">CalculateField 道路元標座標データJGD2011 現況 "" VB #</Process></lineage></DataProperties></Esri></metadata>
